NRange_Upper,NRange_Lower,Feature_Limit,Score1,Score2,Score3,Score4,Score5,Time Elapsed
2,7,19000,0.912245768738444,0.8911236053999614,0.912245768738444,0.8962910828818359,0:01:12
