NRange_Upper,NRange_Lower,Feature_Limit,Score1,Score2,Score3,Score4,Score5,Time Elapsed
2,7,19000,0.9121035414592519,0.8905281336700769,0.9121035414592519,0.8953545265358935,0:00:43
